Link,Status,Error,Type
https://cimidaxil.com/blog,200,No error,Home
https://cimidaxil.com/wp-json/wp/v2/pages/767,not connected,TimeoutError,Home
https://cimidaxil.com/?p=397,not connected,TimeoutError,Home
https://cimidaxil.com/?p=512,not connected,TimeoutError,Home
https://cimidaxil.com/blog/category/uncategorized,not connected,TimeoutError,Home
https://cimidaxil.com/wp-json,not connected,TimeoutError,Home
https://cimidaxil.com/blog/infected-bed-sores,not connected,TimeoutError,Home
https://cimidaxil.com/wp-json/oembed/1.0/embed?url=https%3A%2F%2Fcimidaxil.com%2Ftestimonials%2F,not connected,TimeoutError,Home
https://cimidaxil.com/wp-json/oembed/1.0/embed?url=https%3A%2F%2Fcimidaxil.com%2Fabout-us%2F,not connected,TimeoutError,Home
https://cimidaxil.com/faq,200,No error,Home
https://cimidaxil.com/wp-json/wp/v2/pages/600,not connected,TimeoutError,Home
https://cimidaxil.com/?p=3281,not connected,TimeoutError,Home
https://cimidaxil.com/terms-of-service,200,No error,Home
https://cimidaxil.com/wp-content/themes/cimidaxil/assets/SF-Pro-Display/TTF/SF-PRO-DISPLAY-REGULAR.ttf,200,Non-HTML content: application/octet-stream,Home
https://cimidaxil.com/blog/cleansing-of-diabetic-wounds/feed,not connected,TimeoutError,Home
https://cimidaxil.com/wp-json/wp/v2/posts/3502,not connected,TimeoutError,Home
https://cimidaxil.com/blog/practices-for-cleaning-and-dressing-bed-sores,not connected,TimeoutError,Home
https://cimidaxil.com/wp-json/wp/v2/pages/666,not connected,TimeoutError,Home
https://cimidaxil.com/,200,No error,Home
https://cimidaxil.com/?p=666,not connected,TimeoutError,Home
https://cimidaxil.com/?p=3462,not connected,TimeoutError,Home
https://cimidaxil.com/contact-us,200,No error,Home
https://cimidaxil.com/blog/diabetic-foot-ulcers-take-longer-to-heal,not connected,TimeoutError,Home
"https://cimidaxil.com/blog/t,document.head.appendChild(n)}}),function",not connected,TimeoutError,Home
https://cimidaxil.com/wp-json/oembed/1.0/embed?url=https%3A%2F%2Fcimidaxil.com%2Fblog%2Fcaring-for-diabetic-foot-ulcers-at-home%2F,not connected,TimeoutError,Home
https://cimidaxil.com/wp-json/wp/v2/pages/512,not connected,TimeoutError,Home
https://cimidaxil.com/product/cimidaxil-d/feed,not connected,TimeoutError,Home
https://cimidaxil.com/blog/caring-for-diabetic-foot-ulcers-at-home/feed,not connected,TimeoutError,Home
https://cimidaxil.com/wp-json/wp/v2/pages/1210,not connected,TimeoutError,Home
https://cimidaxil.com/blog/diabetic-foot-ulcer,not connected,TimeoutError,Home
https://cimidaxil.com/wp-json/wp/v2/pages/602,not connected,TimeoutError,Home
https://cimidaxil.com/?p=401,not connected,TimeoutError,Home
https://cimidaxil.com/about-us,200,No error,Home
https://cimidaxil.com/wp-json/oembed/1.0/embed?url=https%3A%2F%2Fcimidaxil.com%2Fprivacy-policy%2F,not connected,TimeoutError,Home
https://cimidaxil.com/blog/caring-for-diabetic-foot-ulcers-at-home,200,No error,Home
https://cimidaxil.com/web-stories/feed,not connected,TimeoutError,Home
https://cimidaxil.com/wp-json/oembed/1.0/embed?url=https%3A%2F%2Fcimidaxil.com%2Fblog%2Fbed-sore-dressings%2F,not connected,TimeoutError,Home
https://cimidaxil.com/wp-content/cache/flying-press/KFO7CnqEu92Fr1ME7kSn66aGLdTylUAMa3yUBHMdazQ.woff2,200,Non-HTML content: application/font-woff2,Home
https://cimidaxil.com/wp-json/oembed/1.0/embed?url=https%3A%2F%2Fcimidaxil.com%2Fproduct%2Fcimidaxil-d%2F,not connected,TimeoutError,Home
https://cimidaxil.com/blog/cleansing-of-diabetic-wounds,200,No error,Home
https://cimidaxil.com/xmlrpc.php?rsd=,not connected,ClientError: [Errno 104] Connection reset by peer,Home
https://cimidaxil.com/shipping-policy,200,No error,Home
https://cimidaxil.com/?p=3271,not connected,TimeoutError,Home
https://cimidaxil.com/blog/diabetic-foot-ulcer-treatment,not connected,TimeoutError,Home
https://cimidaxil.com/wp-json/wp/v2/pages/627,not connected,TimeoutError,Home
https://cimidaxil.com/wp-json/wp/v2/pages/2,not connected,TimeoutError,Home
https://cimidaxil.com/blog/page/3,not connected,TimeoutError,Home
https://cimidaxil.com/?p=1210,not connected,TimeoutError,Home
"https://cimidaxil.com/product/t,document.head.appendChild(n)}}),function",not connected,TimeoutError,Home
https://cimidaxil.com/blog/blood-circulation-slows-healing-in-diabetic-wounds,not connected,TimeoutError,Home
https://cimidaxil.com/wp-json/oembed/1.0/embed?url=https%3A%2F%2Fcimidaxil.com%2Fblog%2Fcleansing-of-diabetic-wounds%2F,not connected,TimeoutError,Home
https://cimidaxil.com/?p=627,not connected,TimeoutError,Home
https://cimidaxil.com/product/cimidaxil-d,200,No error,Home
https://cimidaxil.com/contact-information,200,No error,Home
https://cimidaxil.com/blog/7-different-ways-to-cure-your-diabetic-wound,not connected,TimeoutError,Home
https://cimidaxil.com/wp-json/oembed/1.0/embed?url=https%3A%2F%2Fcimidaxil.com%2Fblog%2Fdiabetic-foot-ulcers-heal-without-surgery%2F,not connected,TimeoutError,Home
https://cimidaxil.com/?p=3502,not connected,TimeoutError,Home
https://cimidaxil.com/blog/page/6,not connected,TimeoutError,Home
https://cimidaxil.com/blog/page/2,not connected,TimeoutError,Home
https://cimidaxil.com/wp-json/wp/v2/posts/3462,not connected,TimeoutError,Home
https://cimidaxil.com/wp-json/oembed/1.0/embed?url=https%3A%2F%2Fcimidaxil.com%2Frefund-policy%2F,not connected,TimeoutError,Home
https://cimidaxil.com/wp-json/oembed/1.0/embed?url=https%3A%2F%2Fcimidaxil.com%2Fshipping-policy%2F,not connected,TimeoutError,Home
https://cimidaxil.com/wp-json/oembed/1.0/embed?url=https%3A%2F%2Fcimidaxil.com%2Ffaq%2F,not connected,TimeoutError,Home
https://cimidaxil.com/wp-json/oembed/1.0/embed?url=https%3A%2F%2Fcimidaxil.com%2Fcontact-us%2F,not connected,TimeoutError,Home
https://cimidaxil.com/blog/bed-sore-ointment-vs-spray,not connected,TimeoutError,Home
https://cimidaxil.com/wp-json/oembed/1.0/embed?url=https%3A%2F%2Fcimidaxil.com%2Fblog%2F,not connected,TimeoutError,Home
https://cimidaxil.com/blog/diabetic-foot-ulcers-heal-without-surgery/feed,not connected,TimeoutError,Home
https://cimidaxil.com/wp-json/wp/v2/posts/3281,not connected,TimeoutError,Home
https://cimidaxil.com/?p=767,not connected,TimeoutError,Home
https://cimidaxil.com/blog/bed-sore-stages,not connected,TimeoutError,Home
"https://cimidaxil.com/t,document.head.appendChild(n)}}),function",404,HTTP Error 404,Home
https://cimidaxil.com/wp-json/oembed/1.0/embed?url=https%3A%2F%2Fcimidaxil.com%2F,200,Non-HTML content: application/json; charset=utf-8,Home
https://cimidaxil.com/wp-json/wp/v2/pages/397,not connected,TimeoutError,Home
https://cimidaxil.com/wp-json/wp/v2/posts/3479,not connected,TimeoutError,Home
https://cimidaxil.com/blog/pressure-relief-helps-bed-sore-healing/feed,not connected,TimeoutError,Home
https://cimidaxil.com/?p=600,not connected,TimeoutError,Home
https://cimidaxil.com/blog/bed-sore-dressings,200,No error,Home
https://cimidaxil.com/blog/ways-to-treat-diabetic-wounds,not connected,TimeoutError,Home
https://cimidaxil.com/xmlrpc.php,not connected,ClientError: [Errno 104] Connection reset by peer,Home
https://cimidaxil.com/blog/prevention-of-diabetic-foot-ulcers,not connected,TimeoutError,Home
https://cimidaxil.com/testimonials,200,No error,Home
https://cimidaxil.com/wp-json/wp/v2/product/73,not connected,TimeoutError,Home
https://cimidaxil.com/comments/feed,not connected,TimeoutError,Home
https://cimidaxil.com/privacy-policy,200,No error,Home
https://cimidaxil.com/wp-json/oembed/1.0/embed?url=https%3A%2F%2Fcimidaxil.com%2Fcontact-information%2F,not connected,TimeoutError,Home
https://cimidaxil.com/feed,not connected,TimeoutError,Home
https://cimidaxil.com/?p=635,not connected,TimeoutError,Home
https://cimidaxil.com/blog/pressure-relief-helps-bed-sore-healing,200,No error,Home
https://cimidaxil.com/wp-json/wp/v2/posts/3271,not connected,TimeoutError,Home
https://cimidaxil.com/blog/bed-sore-dressings/feed,not connected,TimeoutError,Home
https://cimidaxil.com/wp-content/cache/flying-press/KFO7CnqEu92Fr1ME7kSn66aGLdTylUAMaxKUBHMdazTgWw.woff2,200,Non-HTML content: application/font-woff2,Home
https://cimidaxil.com/blog/diabetic-foot-ulcers-heal-without-surgery,200,No error,Home
https://cimidaxil.com/wp-json/oembed/1.0/embed?url=https%3A%2F%2Fcimidaxil.com%2Fblog%2Fpressure-relief-helps-bed-sore-healing%2F,not connected,TimeoutError,Home
https://cimidaxil.com/wp-json/wp/v2/pages/401,not connected,TimeoutError,Home
https://cimidaxil.com/?p=73,not connected,TimeoutError,Home
https://cimidaxil.com/wp-json/wp/v2/pages/635,not connected,TimeoutError,Home
https://cimidaxil.com/?p=3479,not connected,TimeoutError,Home
https://cimidaxil.com/refund-policy,200,No error,Home
https://cimidaxil.com/?p=602,not connected,TimeoutError,Home
https://cimidaxil.com/my-account,not connected,TimeoutError,Home
https://cimidaxil.com/wp-json/oembed/1.0/embed?url=https%3A%2F%2Fcimidaxil.com%2Fterms-of-service%2F,not connected,TimeoutError,Home
https://www.googletagmanager.com/ns.html?id=GTM-T33M782N,Unknown,,External
http://wounds.in/,Unknown,,External
https://wa.me/917708549710,Unknown,,External
https://www.amazon.in/Cimidaxil-Multi-Action-Post-Operative-Fast-Absorbing-Non-Irritant/dp/B0F47ZNN7J/ref=sr_1_1?amp%3Bdib=eyJ2IjoiMSJ9.YMsVoKDfG8EYWXxMfAzSSc6wH4rYF64seIi_gyUyyD8.CWmtaShHDf8gzeHajCmT_edISFo_YaFQNnPKdp8FYhQ&amp%3Bdib_tag=se&amp%3Bkeywords=cimidaxil+d%2B&amp%3Bqid=1767851710&amp%3Bsprefix=CIMIDAXIL%2Caps%2C562&amp%3Bsr=8-1&crid=2QDOQMWNQ61EP,Unknown,,External
https://www.amazon.in/Cimidaxil-Multi-Action-Post-Operative-Fast-Absorbing-Non-Irritant/dp/B0F47ZNN7J/ref=sr_1_1?crid=2QDOQMWNQ61EP&dib=eyJ2IjoiMSJ9.YMsVoKDfG8EYWXxMfAzSSc6wH4rYF64seIi_gyUyyD8.CWmtaShHDf8gzeHajCmT_edISFo_YaFQNnPKdp8FYhQ&dib_tag=se&keywords=cimidaxil+d%2B&qid=1767851710&sprefix=CIMIDAXIL%2Caps%2C562&sr=8-1,Unknown,,External
