Image Number,URL,Alt Text,Title,File Extension,File Size,Resolution,Status,Error Message
1,https://wwwten2hundredcomfd217.zapwp.com/q:i/r:0/wp:1/w:480/u:https://www.ten2hundred.com/wp-content/uploads/2025/11/86b5ef0dddc280589e73f7d5d750699957e928f9.webp,Ten2Hundred logo - business consulting firm,Ten2Hundred logo - business consulting firm (srcset variant),.webp,10.71 KB,480x83,Success,
2,https://wwwten2hundredcomfd217.zapwp.com/q:i/r:0/wp:1/w:300/u:https://www.ten2hundred.com/wp-content/uploads/2025/11/86b5ef0dddc280589e73f7d5d750699957e928f9-300x52.webp,Ten2Hundred logo - business consulting firm,Ten2Hundred logo - business consulting firm (srcset variant),.webp,6.45 KB,300x52,Success,
3,https://wwwten2hundredcomfd217.zapwp.com/q:i/r:0/wp:1/w:1192/u:https://www.ten2hundred.com/wp-content/uploads/2025/11/86b5ef0dddc280589e73f7d5d750699957e928f9.webp,Ten2Hundred logo - business consulting firm,Ten2Hundred logo - business consulting firm (srcset variant),.webp,29.52 KB,1192x205,Success,
4,https://wwwten2hundredcomfd217.zapwp.com/q:i/r:1/wp:1/w:2048/u:https://www.ten2hundred.com/wp-content/uploads/2025/11/86b5ef0dddc280589e73f7d5d750699957e928f9.webp,Ten2Hundred logo - business consulting firm,Ten2Hundred logo - business consulting firm (srcset variant),.webp,29.52 KB,1192x205,Success,
5,https://wwwten2hundredcomfd217.zapwp.com/q:i/r:0/wp:1/w:1024/u:https://www.ten2hundred.com/wp-content/uploads/2025/11/86b5ef0dddc280589e73f7d5d750699957e928f9-1024x176.webp,Ten2Hundred logo - business consulting firm,Ten2Hundred logo - business consulting firm (srcset variant),.webp,25.74 KB,1024x176,Success,
6,https://wwwten2hundredcomfd217.zapwp.com/q:i/r:0/wp:1/w:768/u:https://www.ten2hundred.com/wp-content/uploads/2025/11/86b5ef0dddc280589e73f7d5d750699957e928f9-768x132.webp,Ten2Hundred logo - business consulting firm,Ten2Hundred logo - business consulting firm (srcset variant),.webp,18.40 KB,768x132,Success,
7,https://wwwten2hundredcomfd217.zapwp.com/q:i/r:1/wp:1/w:600/u:https://www.ten2hundred.com/wp-content/uploads/2025/11/86b5ef0dddc280589e73f7d5d750699957e928f9.webp,Ten2Hundred logo - business consulting firm,Ten2Hundred logo - business consulting firm (srcset variant),.webp,29.52 KB,1192x205,Success,
8,https://wwwten2hundredcomfd217.zapwp.com/q:i/r:1/wp:1/w:2384/u:https://www.ten2hundred.com/wp-content/uploads/2025/11/86b5ef0dddc280589e73f7d5d750699957e928f9.webp,Ten2Hundred logo - business consulting firm,Ten2Hundred logo - business consulting firm,.webp,29.52 KB,1192x205,Success,
9,https://wwwten2hundredcomfd217.zapwp.com/q:i/r:1/wp:1/w:960/u:https://www.ten2hundred.com/wp-content/uploads/2025/11/86b5ef0dddc280589e73f7d5d750699957e928f9.webp,Ten2Hundred logo - business consulting firm,Ten2Hundred logo - business consulting firm (srcset variant),.webp,29.52 KB,1192x205,Success,
10,https://wwwten2hundredcomfd217.zapwp.com/q:i/r:0/wp:1/w:490/u:https://www.ten2hundred.com/wp-content/uploads/2025/11/Frame-2147236612.webp,Business Consulting Firm,Business Consulting Firm (srcset variant),.webp,33.04 KB,490x475,Success,
11,https://wwwten2hundredcomfd217.zapwp.com/q:i/r:1/wp:1/w:1536/u:https://www.ten2hundred.com/wp-content/uploads/2025/11/86b5ef0dddc280589e73f7d5d750699957e928f9.webp,Ten2Hundred logo - business consulting firm,Ten2Hundred logo - business consulting firm (srcset variant),.webp,29.52 KB,1192x205,Success,
12,https://wwwten2hundredcomfd217.zapwp.com/q:i/r:1/wp:1/w:960/u:https://www.ten2hundred.com/wp-content/uploads/2025/11/Frame-2147236612.webp,Business Consulting Firm,Business Consulting Firm (srcset variant),.webp,33.04 KB,490x475,Success,
13,https://wwwten2hundredcomfd217.zapwp.com/q:i/r:0/wp:1/w:300/u:https://www.ten2hundred.com/wp-content/uploads/2025/11/Frame-2147236612-300x291.webp,Business Consulting Firm,Business Consulting Firm (srcset variant),.webp,14.03 KB,300x291,Success,
14,https://wwwten2hundredcomfd217.zapwp.com/q:i/r:1/wp:1/w:980/u:https://www.ten2hundred.com/wp-content/uploads/2025/11/Frame-2147236612.webp,Business Consulting Firm,Business Consulting Firm,.webp,33.04 KB,490x475,Success,
15,https://wwwten2hundredcomfd217.zapwp.com/q:i/r:1/wp:1/w:400/u:https://www.ten2hundred.com/wp-content/uploads/2025/11/Rectangle-34625907.webp,Business Consulting Firm,Business Consulting Firm (srcset variant),.webp,13.84 KB,278x416,Success,
16,https://wwwten2hundredcomfd217.zapwp.com/q:i/r:0/wp:1/w:278/u:https://www.ten2hundred.com/wp-content/uploads/2025/11/Rectangle-34625907.webp,Business Consulting Firm,Business Consulting Firm (srcset variant),.webp,13.84 KB,278x416,Success,
17,https://wwwten2hundredcomfd217.zapwp.com/q:i/r:0/wp:1/w:200/u:https://www.ten2hundred.com/wp-content/uploads/2025/11/Rectangle-34625907-200x300.webp,Business Consulting Firm,Business Consulting Firm (srcset variant),.webp,7.23 KB,200x300,Success,
18,https://wwwten2hundredcomfd217.zapwp.com/q:i/r:1/wp:1/w:556/u:https://www.ten2hundred.com/wp-content/uploads/2025/11/Rectangle-34625907.webp,Business Consulting Firm,Business Consulting Firm,.webp,13.84 KB,278x416,Success,
19,https://wwwten2hundredcomfd217.zapwp.com/q:i/r:1/wp:1/w:600/u:https://www.ten2hundred.com/wp-content/uploads/2025/11/Frame-2147236612.webp,Business Consulting Firm,Business Consulting Firm (srcset variant),.webp,33.04 KB,490x475,Success,
20,https://wwwten2hundredcomfd217.zapwp.com/q:i/r:0/wp:1/w:200/u:https://www.ten2hundred.com/wp-content/uploads/2025/11/Rectangle-34625908-200x300.webp,Business Consulting Firm,Business Consulting Firm (srcset variant),.webp,9.87 KB,200x300,Success,
21,https://wwwten2hundredcomfd217.zapwp.com/q:i/r:1/wp:1/w:556/u:https://www.ten2hundred.com/wp-content/uploads/2025/11/Rectangle-34625908.webp,Business Consulting Firm,Business Consulting Firm,.webp,22.77 KB,278x416,Success,
22,https://wwwten2hundredcomfd217.zapwp.com/q:i/r:0/wp:1/w:278/u:https://www.ten2hundred.com/wp-content/uploads/2025/11/Rectangle-34625908.webp,Business Consulting Firm,Business Consulting Firm (srcset variant),.webp,22.77 KB,278x416,Success,
23,https://wwwten2hundredcomfd217.zapwp.com/q:i/r:0/wp:1/w:480/u:https://www.ten2hundred.com/wp-content/uploads/2025/11/Frame-2147236612.webp,Business Consulting Firm,Business Consulting Firm (srcset variant),.webp,30.09 KB,480x465,Success,
24,https://wwwten2hundredcomfd217.zapwp.com/q:i/r:1/wp:1/w:660/u:https://www.ten2hundred.com/wp-content/uploads/2025/11/Rectangle-34625909.webp,None,None,.webp,13.20 KB,330x340,Success,
25,https://wwwten2hundredcomfd217.zapwp.com/q:i/r:0/wp:1/w:330/u:https://www.ten2hundred.com/wp-content/uploads/2025/11/Rectangle-34625909.webp,None,None (srcset variant),.webp,13.20 KB,330x340,Success,
26,https://wwwten2hundredcomfd217.zapwp.com/q:i/r:0/wp:1/w:291/u:https://www.ten2hundred.com/wp-content/uploads/2025/11/Rectangle-34625909-291x300.webp,None,None (srcset variant),.webp,9.17 KB,291x300,Success,
27,https://wwwten2hundredcomfd217.zapwp.com/q:i/r:1/wp:1/w:400/u:https://www.ten2hundred.com/wp-content/uploads/2025/11/Rectangle-34625908.webp,Business Consulting Firm,Business Consulting Firm (srcset variant),.webp,22.77 KB,278x416,Success,
28,https://wwwten2hundredcomfd217.zapwp.com/q:i/r:1/wp:1/w:582/u:https://www.ten2hundred.com/wp-content/uploads/2025/11/Rectangle-34625909.webp,None,None (srcset variant),.webp,13.20 KB,330x340,Success,
29,https://wwwten2hundredcomfd217.zapwp.com/q:i/r:0/wp:1/w:287/u:https://www.ten2hundred.com/wp-content/uploads/2025/11/Rectangle-34625911-287x300.webp,None,None (srcset variant),.webp,11.04 KB,287x300,Success,
30,https://wwwten2hundredcomfd217.zapwp.com/q:i/r:1/wp:1/w:596/u:https://www.ten2hundred.com/wp-content/uploads/2025/11/Rectangle-34625911.webp,None,None,.webp,13.74 KB,298x312,Success,
31,https://wwwten2hundredcomfd217.zapwp.com/q:i/r:0/wp:1/w:298/u:https://www.ten2hundred.com/wp-content/uploads/2025/11/Rectangle-34625911.webp,None,None (srcset variant),.webp,13.74 KB,298x312,Success,
32,https://wwwten2hundredcomfd217.zapwp.com/q:i/r:1/wp:1/w:574/u:https://www.ten2hundred.com/wp-content/uploads/2025/11/Rectangle-34625911.webp,None,None (srcset variant),.webp,13.74 KB,298x312,Success,
33,https://wwwten2hundredcomfd217.zapwp.com/q:i/r:0/wp:1/w:298/u:https://www.ten2hundred.com/wp-content/uploads/2025/11/Rectangle-34625910.webp,None,None (srcset variant),.webp,12.92 KB,298x312,Success,
34,https://wwwten2hundredcomfd217.zapwp.com/q:i/r:1/wp:1/w:596/u:https://www.ten2hundred.com/wp-content/uploads/2025/11/Rectangle-34625910.webp,None,None,.webp,12.92 KB,298x312,Success,
35,https://wwwten2hundredcomfd217.zapwp.com/q:i/r:0/wp:1/w:287/u:https://www.ten2hundred.com/wp-content/uploads/2025/11/Rectangle-34625910-287x300.webp,None,None (srcset variant),.webp,9.51 KB,287x300,Success,
36,https://wwwten2hundredcomfd217.zapwp.com/q:i/r:1/wp:1/w:574/u:https://www.ten2hundred.com/wp-content/uploads/2025/11/Rectangle-34625910.webp,None,None (srcset variant),.webp,12.92 KB,298x312,Success,
37,https://ten2hundred.com/wp-content/uploads/2025/11/86b5ef0dddc280589e73f7d5d750699957e928f9-1024x176.webp,Structured Data Image,JSON-LD Image,.webp,27.77 KB,1024x176,Success,
38,https://www.ten2hundred.com/wp-content/uploads/2025/11/Frame-15.webp,Background Image,CSS Background,.webp,9.54 KB,350x350,Success,
39,https://www.ten2hundred.com/wp-content/uploads/2025/11/Frame-13-1.webp,Background Image,CSS Background,.webp,19.81 KB,350x350,Success,
40,https://www.ten2hundred.com/wp-content/uploads/2025/11/Frame-14-1.webp,Background Image,CSS Background,.webp,20.46 KB,350x350,Success,
41,https://www.ten2hundred.com/wp-content/uploads/2025/11/Frame-2147236612.webp,Structured Data Image,JSON-LD Image,.webp,35.99 KB,490x475,Success,
42,https://www.ten2hundred.com/wp-content/uploads/2025/11/Ellipse-24.webp,Background Image,CSS Background,.webp,184.65 KB,541x898,Success,
43,https://www.ten2hundred.com/wp-content/uploads/2025/12/T2H-Logo.png,Structured Data Image,JSON-LD Image,.png,56.31 KB,720x156,Success,
44,https://ten2hundred.com/wp-content/uploads/2025/11/image-5.webp,Structured Data Image,JSON-LD Image,.webp,131.07 KB,587x805,Success,
45,https://ten2hundred.com/about-us/490,Meta Image,Open Graph/Twitter Card,Unknown,123.91 KB,Unknown,Success,
46,https://ten2hundred.com/about-us/475,Meta Image,Open Graph/Twitter Card,Unknown,123.91 KB,Unknown,Success,
47,https://www.ten2hundred.com/wp-content/uploads/2025/01/your-logo-file.png,Structured Data Image,JSON-LD Image,.png,,,Error,Error loading image: 404 Client Error: Not Found for url: https://www.ten2hundred.com/wp-content/uploads/2025/01/your-logo-file.png
48,https://ten2hundred.com/about-us/image/webp,Meta Image,Open Graph/Twitter Card,Unknown,,,Error,Error loading image: 404 Client Error: Not Found for url: https://www.ten2hundred.com/about-us/image/webp
49,https://ten2hundred.com/about-us/Business Consulting Firm,Meta Image,Open Graph/Twitter Card,Unknown,,,Error,Error loading image: 404 Client Error: Not Found for url: https://www.ten2hundred.com/about-us/Business%20Consulting%20Firm
